profile_id, email, password, size_shirt, size_pants
667144941, "KerianneTRovner@yahoo.com", "password", "xl", "l"
272004589, "JessalinEleen@outlook.com", "password", "xs", "xl"
519229576, "KristeVKarna@outlook.com", "password", "xl", "m"
651248633, "PhebeTDulcinea@iCloud.com", "password", "m", "s"
543846188, "ShaynaSchecter@outlook.com", "password", "xs", "xs"
190606421, "NadiaARabush@iCloud.com", "password", "l", "l"
563925433, "DdeneLorne@yahoo.com", "password", "l", "l"
930809731, "OctaviaMargherita@yahoo.com", "password", "m", "l"
509212152, "GabieRHoxie@aol.com", "password", "xl", "l"
854985470, "AnneliesePepe@iCloud.com", "password", "xl", "l"
344739633, "MarisSigismond@yahoo.com", "password", "m", "m"
337003048, "EmelinaAda@iCloud.com", "password", "s", "m"
263296670, "VivyanneTadd@aol.com", "password", "xl", "xs"
217517939, "JenelleRSumer@yahoo.com", "password", "l", "s"
164583417, "HannieHardan@outlook.com", "password", "s", "xs"
343779879, "ValliRHanafee@outlook.com", "password", "l", "s"
929349228, "LaurelTrelu@yahoo.com", "password", "xs", "m"
206541324, "AnnabelAshlee@outlook.com", "password", "xl", "xl"
668786378, "ElbertinaAlodie@iCloud.com", "password", "xs", "xs"
191580903, "MornaACaesar@aol.com", "password", "xs", "s"
617410212, "JoannaLunna@aol.com", "password", "l", "xl"
680612799, "ClaireCross@yahoo.com", "password", "m", "m"
323589364, "VaniaDHarv@yahoo.com", "password", "s", "xs"
176955232, "StephanieWConners@gmail.com", "password", "s", "s"
234254545, "DoriaEAmata@gmail.com", "password", "xs", "xs"
791271925, "JoleeCruickshank@yahoo.com", "password", "xs", "l"
895417961, "JewelleOkun@outlook.com", "password", "l", "m"
110164292, "MarlenaRCristen@gmail.com", "password", "xs", "l"
565865337, "AlysonAErnestus@aol.com", "password", "s", "xs"
407136281, "AngelinaLessard@outlook.com", "password", "l", "s"
236794746, "JocelynVinaya@yahoo.com", "password", "xs", "xs"
629805625, "JenaCati@iCloud.com", "password", "m", "xl"
364339508, "AlysaWoolcott@yahoo.com", "password", "xs", "xs"
488077666, "VivianneGerlac@yahoo.com", "password", "xs", "l"
602524286, "BlissBLuthanen@yahoo.com", "password", "xl", "s"
298115357, "JuietaHSexton@yahoo.com", "password", "xs", "xl"
601681996, "MaryanneFClyde@gmail.com", "password", "xl", "m"
913014613, "JordanMMilburr@gmail.com", "password", "l", "m"
343589135, "BernadetteGMagda@yahoo.com", "password", "xs", "l"
502548555, "DaniaAAara@iCloud.com", "password", "s", "xl"
806306444, "NissySJunko@aol.com", "password", "l", "m"
436738023, "RobinetteGleeson@yahoo.com", "password", "m", "s"
676009751, "EmelinaGiltzow@outlook.com", "password", "xs", "xl"
629006000, "SherlineBAmend@yahoo.com", "password", "m", "xs"
840935949, "ColetteNNaiditch@aol.com", "password", "xl", "l"
663747620, "CordeliaMaddock@aol.com", "password", "s", "xs"
569927977, "JodiJarvis@gmail.com", "password", "s", "s"
642833649, "CairistionaEDewitt@outlook.com", "password", "m", "xl"
221291678, "DapheneJKuhn@aol.com", "password", "xs", "s"
686379047, "OrlyTheo@outlook.com", "password", "xl", "m"
693262767, "ChristyCPanchito@yahoo.com", "password", "m", "xl"
776215390, "CarolaOMenashem@yahoo.com", "password", "s", "l"
160877946, "BillyeFSimonsen@gmail.com", "password", "xl", "l"
556954663, "JaquelynCQueenie@aol.com", "password", "s", "s"
309268791, "SofieWCaputo@gmail.com", "password", "s", "xl"
690661844, "RoobbieAdan@gmail.com", "password", "xs", "s"
485217349, "AshleeSerg@aol.com", "password", "s", "s"
586893768, "KarolaHRoice@iCloud.com", "password", "m", "xs"
471962728, "BillFAbott@aol.com", "password", "xs", "m"
781517258, "DyannEpifano@iCloud.com", "password", "s", "m"
582727557, "DebDagny@outlook.com", "password", "m", "xs"
428954280, "KathyeOilla@gmail.com", "password", "xs", "l"
998837989, "BertyFAmbrose@aol.com", "password", "xs", "s"
441150976, "WilletteTessie@gmail.com", "password", "m", "m"
439046726, "EileenBAdda@yahoo.com", "password", "m", "xs"
848596855, "EmeraDugald@aol.com", "password", "xs", "l"
565328139, "BrigidaMahau@gmail.com", "password", "m", "s"
547536746, "BlancaHerminia@yahoo.com", "password", "l", "xl"
301878279, "ClemmieLDemodena@aol.com", "password", "m", "l"
947082926, "MariejeanneUlises@aol.com", "password", "xs", "xs"
121670933, "JacquenetteGLavena@iCloud.com", "password", "xl", "xs"
877702643, "LinUlrick@gmail.com", "password", "s", "xs"
161155526, "DeerdreBGaskin@iCloud.com", "password", "xl", "xs"
685895559, "LoraineWendt@gmail.com", "password", "m", "l"
479064549, "ViviPSalahi@outlook.com", "password", "l", "m"
551787109, "AnetPleasant@aol.com", "password", "xs", "xl"
324650875, "LeandraBliss@outlook.com", "password", "s", "xl"
466159190, "RebeccaTLopes@aol.com", "password", "m", "s"
682273207, "VitiaDSturdivant@aol.com", "password", "l", "m"
752223335, "EmmaZWallford@outlook.com", "password", "s", "xs"
264027570, "JaquelinBSheeran@outlook.com", "password", "xs", "s"
170693374, "KimberleeDEdwyna@gmail.com", "password", "xs", "xs"
879052284, "GladHorsey@outlook.com", "password", "m", "xs"
435672004, "SaraannCharity@aol.com", "password", "xl", "m"
950438348, "CassieWilldon@iCloud.com", "password", "l", "m"
264388339, "DonellaSaraiya@iCloud.com", "password", "xl", "l"
728470246, "AngelBLynea@gmail.com", "password", "m", "xl"
275226220, "TheresaTricia@aol.com", "password", "xl", "l"
180660964, "MarysBiebel@gmail.com", "password", "s", "xs"
924745022, "TammaraKClower@gmail.com", "password", "xl", "xl"
290149610, "FlorindaMarduk@iCloud.com", "password", "l", "l"
800508798, "AllyceCPernas@gmail.com", "password", "xl", "l"
415679146, "StarlinHelaine@aol.com", "password", "m", "m"
109417537, "AlicaMarkus@aol.com", "password", "m", "xs"
259651888, "AnetteGEddi@aol.com", "password", "m", "s"
355282602, "MarylynneHeindrick@aol.com", "password", "m", "l"
918415013, "BobetteHHoashis@aol.com", "password", "xs", "xs"
192222605, "VelmaAJezabel@iCloud.com", "password", "l", "xs"
377453961, "DeberaFrans@yahoo.com", "password", "s", "xs"
464439443, "GerhardineVAndrey@outlook.com", "password", "m", "m"
489401345, "RochellaLizbeth@outlook.com", "password", "xs", "l"
294624539, "LelahNorma@gmail.com", "password", "l", "l"
917953846, "LorieFar@aol.com", "password", "xs", "s"
371841904, "ZondaBelinda@iCloud.com", "password", "xl", "l"
333125012, "BobetteJFlorinda@outlook.com", "password", "xs", "m"
300463960, "NorrieWanda@iCloud.com", "password", "m", "l"
639171593, "SissieDrescher@outlook.com", "password", "xs", "xs"
556605152, "DavinaTFrederik@gmail.com", "password", "l", "l"
989958335, "HailyDHemphill@aol.com", "password", "xl", "xs"
976368958, "HilaryDaniella@gmail.com", "password", "xs", "xs"
375468623, "AurelHSadoff@yahoo.com", "password", "m", "m"
730097985, "EvangelineLocke@yahoo.com", "password", "s", "l"
621424766, "MoinaJudith@yahoo.com", "password", "s", "xl"
491314238, "DasyaFSyd@yahoo.com", "password", "xs", "l"
550470228, "RuthEOrgell@yahoo.com", "password", "s", "m"
702724403, "SibyllaPandora@yahoo.com", "password", "xs", "l"
248922329, "GeorgetteColvert@gmail.com", "password", "xl", "s"
803954115, "JenelleMKizzie@aol.com", "password", "xs", "xs"
237590595, "IvieSolana@iCloud.com", "password", "m", "l"
283490463, "DortheaLongtin@gmail.com", "password", "xs", "s"
844786592, "JuliaAArtemas@aol.com", "password", "l", "xl"
945078357, "AnnabelaLPronty@outlook.com", "password", "m", "l"
638030887, "AridathaGavrielle@yahoo.com", "password", "l", "s"
555141361, "SybylDEzmeralda@gmail.com", "password", "xs", "s"
700441317, "DellRossen@outlook.com", "password", "xs", "l"
503154979, "CarreeLevona@aol.com", "password", "m", "l"
847837616, "DotFranzoni@aol.com", "password", "m", "xs"
289100696, "FayinaKJaymie@gmail.com", "password", "xs", "s"
319225967, "ArdineHilaria@yahoo.com", "password", "xs", "xl"
841364140, "KalaACrissie@yahoo.com", "password", "m", "l"
446848232, "TallulahJacobsen@iCloud.com", "password", "s", "xs"
304622776, "AlyssMNam@yahoo.com", "password", "s", "xs"
797977376, "DevaCRoxanna@iCloud.com", "password", "l", "xl"
587508413, "AndeeeThatcher@aol.com", "password", "m", "xs"
888300129, "EnricaNGilba@outlook.com", "password", "m", "l"
192777582, "CecilLesak@aol.com", "password", "xs", "xs"
605238960, "ClorisBRoche@iCloud.com", "password", "s", "l"
741536826, "MoiraIsacco@aol.com", "password", "m", "s"
270468531, "MyrandaClute@aol.com", "password", "m", "xl"
144238325, "JoiceKRaddie@outlook.com", "password", "s", "m"
795234718, "QuintanaGTurnbull@gmail.com", "password", "xl", "xs"
874109680, "RasiaKristien@outlook.com", "password", "m", "xl"
257965282, "CarilynJBerthold@iCloud.com", "password", "l", "m"
560352652, "WinneSandstrom@aol.com", "password", "xs", "l"
770061236, "MignonneTEugenides@gmail.com", "password", "xs", "s"
792262898, "BiddieHoffmann@outlook.com", "password", "l", "l"
954097442, "MaritsaChantalle@gmail.com", "password", "xs", "m"
341545414, "EvaCymbre@gmail.com", "password", "s", "xs"
679945254, "MilLieberman@gmail.com", "password", "m", "l"
956259764, "ShandyHarshman@outlook.com", "password", "s", "s"
646823296, "FidelaArdehs@iCloud.com", "password", "xs", "m"
817380720, "ThomasinePardew@aol.com", "password", "xl", "m"
655058682, "LatiaRBiebel@iCloud.com", "password", "xl", "xs"
926633597, "RodaDinsmore@outlook.com", "password", "xl", "m"
729652575, "CharissaSteinke@outlook.com", "password", "l", "s"
524143889, "DapheneDilisio@iCloud.com", "password", "xs", "xs"
870127111, "SileasLKrysta@aol.com", "password", "s", "s"
687421182, "SarenaBrande@iCloud.com", "password", "l", "l"
853569935, "LorrayneSchnorr@gmail.com", "password", "xl", "l"
408223329, "LanitaBHammock@gmail.com", "password", "s", "l"
854479156, "CharlotteNElwood@iCloud.com", "password", "m", "xs"
872412129, "KirsteniNDymoke@aol.com", "password", "xl", "xs"
790539802, "IonaSFawcett@gmail.com", "password", "xl", "s"
563460253, "AlisaLAmorita@outlook.com", "password", "m", "m"
580260687, "EssaHuff@iCloud.com", "password", "m", "xl"
497265305, "AbigaelECatima@iCloud.com", "password", "xl", "l"
856169684, "TashaJGoodrow@yahoo.com", "password", "s", "m"
872738941, "LizzieConley@aol.com", "password", "s", "m"
361816986, "LeahAlverta@yahoo.com", "password", "s", "xs"
998463153, "MarcyMOlin@gmail.com", "password", "xs", "m"
684973687, "AmandieCyndia@yahoo.com", "password", "xl", "xl"
358549956, "NicolLashond@iCloud.com", "password", "xl", "xl"
345757666, "ChannaCThibaut@gmail.com", "password", "l", "xl"
674825925, "LaurianneWinwaloe@aol.com", "password", "s", "m"
954094939, "HyndaSLynea@iCloud.com", "password", "l", "m"
149512390, "KoressaTriley@yahoo.com", "password", "l", "m"
230054822, "JacintheDAudly@iCloud.com", "password", "s", "s"
682930765, "IorminaXylina@yahoo.com", "password", "xs", "s"
876582647, "JodieRArmitage@iCloud.com", "password", "l", "xl"
646709164, "RochellaKingsbury@gmail.com", "password", "l", "xs"
113804457, "DonelleHuba@yahoo.com", "password", "s", "m"
977530096, "IlysaDunn@aol.com", "password", "m", "m"
795424701, "MicheleKawai@outlook.com", "password", "xs", "l"
828230868, "SybylUrson@gmail.com", "password", "xs", "xl"
278885525, "ChristianMManya@aol.com", "password", "m", "l"
843225617, "BlondelleTrainor@gmail.com", "password", "l", "xs"
283386263, "ChristalZollie@outlook.com", "password", "xl", "l"
274050675, "MelvaSJacobsen@outlook.com", "password", "m", "s"
804018662, "MichelDalton@gmail.com", "password", "xs", "m"
925408236, "ChristelMSivie@iCloud.com", "password", "xs", "s"
329982297, "BabetteDoria@aol.com", "password", "s", "m"
754579952, "ArdellaLYelmene@iCloud.com", "password", "l", "xs"
899976786, "EmmalynneLila@gmail.com", "password", "s", "s"
611430086, "BertieTidwell@aol.com", "password", "l", "l"
823815201, "AllyThorstein@yahoo.com", "password", "m", "xl"
399441181, "RoseanneEmile@iCloud.com", "password", "m", "xl"
462260047, "RobbinMatthia@aol.com", "password", "s", "l"
862183712, "RandyRArissa@outlook.com", "password", "s", "m"
790807089, "FayeGSkurnik@yahoo.com", "password", "m", "s"
729990794, "VivienKRosella@aol.com", "password", "xs", "l
